Order_ID,Customer_ID,Product_Category,Product_Price,Discount_Percent,Delivery_Days,Customer_Rating,Return_Status,Return_Reason
ORD100000,CUST10285,Home,3043.56,10,7,4.4,Not Returned,Not Returned
ORD100001,CUST10048,Books,4158.47,0,4,4.3,Not Returned,Not Returned
ORD100002,CUST10139,Fashion,1869.48,20,13,3.2,Not Returned,Not Returned
ORD100003,CUST10217,Electronics,3454.48,20,11,3.8,Returned,Wrong Size
ORD100004,CUST10043,Electronics,2915.51,15,8,2.3,Not Returned,Not Returned
ORD100005,CUST10268,Sports,1481.74,5,13,2.9,Not Returned,Not Returned
ORD100006,CUST10077,Books,4417.42,0,5,4.3,Not Returned,Not Returned
ORD100007,CUST10215,Home,4027.64,5,7,2.8,Not Returned,Not Returned
ORD100008,CUST10097,Electronics,3360.57,0,10,2.4,Returned,Changed Mind
ORD100009,CUST10235,Electronics,4282.79,15,3,3.0,Returned,Damaged
ORD100010,CUST10281,Beauty,4363.01,15,7,4.3,Not Returned,Not Returned
ORD100011,CUST10148,Beauty,3600.14,20,11,2.3,Returned,Changed Mind
ORD100012,CUST10065,Electronics,4217.66,5,11,1.7,Not Returned,Not Returned
ORD100013,CUST10233,Books,3547.86,30,8,3.8,Not Returned,Not Returned
ORD100014,CUST10086,Sports,3464.68,20,5,4.3,Not Returned,Not Returned
ORD100015,CUST10078,Electronics,3169.33,5,4,1.4,Not Returned,Not Returned
ORD100016,CUST10204,Fashion,3813.04,20,8,2.0,Returned,Late Delivery
ORD100017,CUST10278,Home,961.3,30,8,1.6,Not Returned,Not Returned
ORD100018,CUST10253,Sports,4428.18,10,3,2.4,Not Returned,Not Returned
ORD100019,CUST10129,Fashion,4384.85,10,6,2.8,Not Returned,Not Returned
ORD100020,CUST10083,Sports,340.39,10,5,4.0,Not Returned,Not Returned
ORD100021,CUST10275,Fashion,4163.92,10,2,3.6,Not Returned,Not Returned
ORD100022,CUST10186,Home,818.58,40,8,3.5,Returned,Defective
ORD100023,CUST10045,Home,1808.57,0,12,2.4,Returned,Defective
ORD100024,CUST10182,Beauty,3768.84,40,14,4.4,Not Returned,Not Returned
ORD100025,CUST10267,Books,971.65,40,6,2.9,Not Returned,Not Returned
ORD100026,CUST10295,Fashion,4126.24,40,2,4.9,Returned,Damaged
ORD100027,CUST10099,Beauty,4194.24,10,12,3.5,Not Returned,Not Returned
ORD100028,CUST10077,Fashion,2635.85,30,5,1.5,Not Returned,Not Returned
ORD100029,CUST10271,Beauty,230.65,15,1,3.7,Not Returned,Not Returned
ORD100030,CUST10161,Home,1577.78,15,12,2.3,Not Returned,Not Returned
ORD100031,CUST10043,Sports,3161.25,0,10,3.7,Not Returned,Not Returned
ORD100032,CUST10237,Beauty,4909.69,10,6,1.3,Returned,Late Delivery
ORD100033,CUST10133,Fashion,3232.7,10,13,1.7,Not Returned,Not Returned
ORD100034,CUST10191,Fashion,1447.06,10,12,4.4,Not Returned,Not Returned
ORD100035,CUST10277,Books,3243.23,20,9,1.9,Not Returned,Not Returned
ORD100036,CUST10017,Home,2791.93,5,1,4.3,Not Returned,Not Returned
ORD100037,CUST10011,Fashion,3943.26,20,11,2.1,Not Returned,Not Returned
ORD100038,CUST10179,Electronics,713.51,5,11,3.6,Not Returned,Not Returned
ORD100039,CUST10122,Sports,3852.93,10,10,3.8,Not Returned,Not Returned
ORD100040,CUST10245,Beauty,2798.08,10,12,3.1,Not Returned,Not Returned
ORD100041,CUST10221,Books,4822.36,20,12,2.2,Not Returned,Not Returned
ORD100042,CUST10050,Sports,1840.99,20,14,1.9,Returned,Damaged
ORD100043,CUST10070,Home,3236.59,5,14,1.1,Not Returned,Not Returned
ORD100044,CUST10047,Books,4673.73,15,14,2.2,Not Returned,Not Returned
ORD100045,CUST10018,Beauty,692.05,5,3,3.6,Returned,Defective
ORD100046,CUST10261,Beauty,4698.7,20,12,4.8,Not Returned,Not Returned
ORD100047,CUST10083,Electronics,3501.85,30,7,4.5,Not Returned,Not Returned
ORD100048,CUST10154,Home,525.62,20,4,4.1,Not Returned,Not Returned
ORD100049,CUST10052,Books,1644.63,30,9,4.2,Not Returned,Not Returned
ORD100050,CUST10106,Books,3599.23,0,3,3.7,Not Returned,Not Returned
ORD100051,CUST10134,Fashion,523.28,20,5,2.0,Returned,Changed Mind
ORD100052,CUST10068,Electronics,2994.42,0,3,4.6,Not Returned,Not Returned
ORD100053,CUST10010,Electronics,1860.24,15,7,3.7,Not Returned,Not Returned
ORD100054,CUST10142,Books,3180.39,5,5,3.2,Not Returned,Not Returned
ORD100055,CUST10191,Books,419.56,30,9,1.4,Returned,Wrong Size
ORD100056,CUST10068,Sports,4383.38,5,7,2.8,Not Returned,Not Returned
ORD100057,CUST10022,Sports,4872.75,0,2,2.8,Returned,Defective
ORD100058,CUST10180,Sports,4850.61,30,4,4.5,Not Returned,Not Returned
ORD100059,CUST10292,Electronics,3798.33,5,9,3.2,Not Returned,Not Returned
ORD100060,CUST10008,Fashion,824.41,20,12,2.5,Not Returned,Not Returned
ORD100061,CUST10270,Beauty,3839.66,10,14,4.9,Not Returned,Not Returned
ORD100062,CUST10092,Sports,318.02,0,2,1.4,Returned,Not as Described
ORD100063,CUST10016,Fashion,306.19,5,10,2.7,Not Returned,Not Returned
ORD100064,CUST10153,Home,1753.33,0,9,1.2,Returned,Wrong Size
ORD100065,CUST10148,Sports,2545.49,40,10,4.0,Not Returned,Not Returned
ORD100066,CUST10266,Beauty,3897.96,0,5,4.7,Not Returned,Not Returned
ORD100067,CUST10105,Home,3479.82,30,2,2.1,Not Returned,Not Returned
ORD100068,CUST10034,Home,2340.33,40,4,4.4,Not Returned,Not Returned
ORD100069,CUST10118,Beauty,1513.41,30,12,2.2,Not Returned,Not Returned
ORD100070,CUST10013,Sports,4986.2,10,12,4.6,Returned,Defective
ORD100071,CUST10013,Electronics,2245.67,40,7,4.0,Not Returned,Not Returned
ORD100072,CUST10265,Beauty,2366.66,20,12,4.2,Not Returned,Not Returned
ORD100073,CUST10139,Beauty,985.39,0,13,1.1,Returned,Changed Mind
ORD100074,CUST10293,Beauty,4015.09,5,8,4.9,Not Returned,Not Returned
ORD100075,CUST10118,Home,3529.67,15,3,3.9,Not Returned,Not Returned
ORD100076,CUST10237,Fashion,1259.69,0,14,2.2,Not Returned,Not Returned
ORD100077,CUST10033,Electronics,595.43,0,1,4.3,Not Returned,Not Returned
ORD100078,CUST10168,Sports,3466.4,10,4,2.1,Not Returned,Not Returned
ORD100079,CUST10009,Sports,3341.65,20,2,4.5,Not Returned,Not Returned
ORD100080,CUST10121,Fashion,1511.65,15,8,1.5,Not Returned,Not Returned
ORD100081,CUST10144,Beauty,4764.15,40,4,3.8,Not Returned,Not Returned
ORD100082,CUST10222,Electronics,925.08,40,2,3.2,Not Returned,Not Returned
ORD100083,CUST10256,Sports,2275.21,40,14,1.4,Not Returned,Not Returned
ORD100084,CUST10267,Books,4729.36,30,6,2.0,Not Returned,Not Returned
ORD100085,CUST10003,Sports,2214.69,30,6,1.0,Not Returned,Not Returned
ORD100086,CUST10105,Beauty,3264.92,5,10,2.9,Not Returned,Not Returned
ORD100087,CUST10084,Books,2108.45,15,4,2.2,Not Returned,Not Returned
ORD100088,CUST10213,Fashion,1516.23,40,6,3.4,Not Returned,Not Returned
ORD100089,CUST10120,Electronics,4923.09,30,13,2.2,Returned,Damaged
ORD100090,CUST10131,Fashion,2164.8,5,2,2.2,Not Returned,Not Returned
ORD100091,CUST10196,Fashion,4491.68,20,10,4.0,Not Returned,Not Returned
ORD100092,CUST10018,Electronics,1303.78,5,12,1.2,Not Returned,Not Returned
ORD100093,CUST10129,Electronics,1222.9,30,2,4.6,Not Returned,Not Returned
ORD100094,CUST10011,Sports,349.44,10,10,4.4,Not Returned,Not Returned
ORD100095,CUST10080,Sports,3328.0,10,14,3.7,Not Returned,Not Returned
ORD100096,CUST10261,Electronics,1968.93,40,4,3.4,Not Returned,Not Returned
ORD100097,CUST10124,Books,4348.92,10,14,4.6,Not Returned,Not Returned
ORD100098,CUST10266,Home,2471.41,40,8,1.7,Not Returned,Not Returned
ORD100099,CUST10139,Sports,4847.33,40,14,1.3,Returned,Wrong Size
ORD100100,CUST10001,Home,1090.52,30,7,2.0,Not Returned,Not Returned
ORD100101,CUST10007,Books,4369.39,10,12,4.2,Not Returned,Not Returned
ORD100102,CUST10249,Electronics,3927.66,40,9,1.1,Returned,Changed Mind
ORD100103,CUST10138,Books,3900.42,15,14,3.3,Not Returned,Not Returned
ORD100104,CUST10123,Sports,4254.96,20,8,5.0,Returned,Late Delivery
ORD100105,CUST10227,Fashion,3852.92,5,5,4.4,Not Returned,Not Returned
ORD100106,CUST10009,Electronics,3205.86,5,13,3.1,Not Returned,Not Returned
ORD100107,CUST10211,Beauty,829.98,30,2,1.3,Not Returned,Not Returned
ORD100108,CUST10111,Home,356.13,10,5,4.3,Not Returned,Not Returned
ORD100109,CUST10007,Books,4620.07,10,8,3.4,Not Returned,Not Returned
ORD100110,CUST10291,Electronics,3159.92,40,10,1.5,Returned,Not as Described
ORD100111,CUST10252,Books,4023.38,0,9,1.4,Not Returned,Not Returned
ORD100112,CUST10013,Electronics,2511.31,40,12,4.6,Not Returned,Not Returned
ORD100113,CUST10239,Sports,763.08,20,12,3.7,Not Returned,Not Returned
ORD100114,CUST10241,Sports,800.89,15,12,4.3,Not Returned,Not Returned
ORD100115,CUST10148,Sports,3490.71,5,13,4.5,Not Returned,Not Returned
ORD100116,CUST10235,Books,2265.47,40,9,3.3,Not Returned,Not Returned
ORD100117,CUST10166,Beauty,1162.52,0,13,3.1,Not Returned,Not Returned
ORD100118,CUST10019,Sports,2559.65,0,13,2.7,Returned,Wrong Size
ORD100119,CUST10215,Electronics,508.2,40,1,2.3,Returned,Damaged
ORD100120,CUST10134,Sports,2993.46,30,9,2.7,Returned,Late Delivery
ORD100121,CUST10128,Fashion,1491.17,5,7,4.1,Not Returned,Not Returned
ORD100122,CUST10293,Sports,4028.28,30,9,3.4,Returned,Changed Mind
ORD100123,CUST10245,Books,1689.74,15,8,4.6,Not Returned,Not Returned
ORD100124,CUST10188,Beauty,2385.06,0,1,2.8,Not Returned,Not Returned
ORD100125,CUST10043,Fashion,255.78,0,12,3.4,Not Returned,Not Returned
ORD100126,CUST10085,Books,547.75,20,8,3.5,Not Returned,Not Returned
ORD100127,CUST10043,Books,2083.97,15,8,3.4,Not Returned,Not Returned
ORD100128,CUST10144,Books,2503.71,0,11,3.8,Not Returned,Not Returned
ORD100129,CUST10050,Electronics,3080.1,15,3,1.9,Returned,Not as Described
ORD100130,CUST10241,Books,1599.98,5,1,3.0,Not Returned,Not Returned
ORD100131,CUST10293,Electronics,3535.91,10,8,1.4,Returned,Damaged
ORD100132,CUST10050,Books,4328.59,0,3,2.5,Not Returned,Not Returned
ORD100133,CUST10265,Home,3943.28,20,3,3.0,Returned,Changed Mind
ORD100134,CUST10119,Fashion,390.17,5,1,3.6,Not Returned,Not Returned
ORD100135,CUST10199,Home,2506.43,40,11,4.8,Not Returned,Not Returned
ORD100136,CUST10247,Books,703.66,15,5,3.4,Not Returned,Not Returned
ORD100137,CUST10069,Fashion,1361.82,40,10,4.0,Not Returned,Not Returned
ORD100138,CUST10056,Fashion,4935.98,30,7,3.0,Not Returned,Not Returned
ORD100139,CUST10038,Beauty,883.98,5,10,3.5,Not Returned,Not Returned
ORD100140,CUST10288,Home,2594.66,40,9,1.3,Not Returned,Not Returned
ORD100141,CUST10017,Beauty,3167.15,0,12,2.0,Not Returned,Not Returned
ORD100142,CUST10219,Fashion,3571.83,15,7,2.4,Not Returned,Not Returned
ORD100143,CUST10243,Electronics,2886.31,10,9,2.9,Returned,Changed Mind
ORD100144,CUST10297,Fashion,246.9,5,8,1.2,Returned,Wrong Size
ORD100145,CUST10282,Beauty,1767.01,0,12,1.6,Not Returned,Not Returned
ORD100146,CUST10073,Home,2685.02,20,2,2.1,Not Returned,Not Returned
ORD100147,CUST10109,Books,621.76,30,1,4.9,Not Returned,Not Returned
ORD100148,CUST10179,Books,1883.01,15,7,2.3,Returned,Wrong Size
ORD100149,CUST10031,Home,359.37,5,7,2.9,Not Returned,Not Returned
ORD100150,CUST10233,Books,577.18,5,14,1.8,Returned,Damaged
ORD100151,CUST10281,Books,2105.23,10,8,3.4,Returned,Defective
ORD100152,CUST10024,Beauty,837.04,10,5,2.1,Not Returned,Not Returned
ORD100153,CUST10278,Home,2924.2,20,3,1.8,Not Returned,Not Returned
ORD100154,CUST10225,Sports,3509.43,30,12,3.1,Returned,Defective
ORD100155,CUST10056,Electronics,4042.82,20,8,1.0,Not Returned,Not Returned
ORD100156,CUST10179,Electronics,1160.72,0,6,1.0,Not Returned,Not Returned
ORD100157,CUST10231,Books,1003.92,0,11,1.9,Returned,Changed Mind
ORD100158,CUST10286,Electronics,701.93,20,3,1.1,Returned,Wrong Size
ORD100159,CUST10063,Home,3254.87,30,1,1.4,Returned,Not as Described
ORD100160,CUST10231,Home,3591.08,20,3,2.4,Returned,Not as Described
ORD100161,CUST10288,Fashion,351.61,30,5,4.2,Not Returned,Not Returned
ORD100162,CUST10212,Fashion,4693.82,30,14,3.3,Not Returned,Not Returned
ORD100163,CUST10257,Electronics,449.46,40,3,3.1,Not Returned,Not Returned
ORD100164,CUST10017,Sports,2798.22,15,1,2.2,Not Returned,Not Returned
ORD100165,CUST10174,Fashion,3603.49,30,5,4.7,Not Returned,Not Returned
ORD100166,CUST10228,Fashion,4380.65,10,10,2.6,Not Returned,Not Returned
ORD100167,CUST10225,Home,3627.62,30,7,1.3,Not Returned,Not Returned
ORD100168,CUST10083,Sports,4048.29,30,14,3.5,Not Returned,Not Returned
ORD100169,CUST10290,Books,1829.36,30,7,1.5,Not Returned,Not Returned
ORD100170,CUST10245,Electronics,4111.16,40,11,2.4,Not Returned,Not Returned
ORD100171,CUST10109,Fashion,584.55,40,9,3.0,Not Returned,Not Returned
ORD100172,CUST10253,Sports,4495.12,0,10,4.5,Not Returned,Not Returned
ORD100173,CUST10087,Sports,2828.44,40,10,3.0,Returned,Changed Mind
ORD100174,CUST10071,Electronics,4123.03,10,12,3.8,Not Returned,Not Returned
ORD100175,CUST10029,Sports,2371.13,10,13,5.0,Not Returned,Not Returned
ORD100176,CUST10171,Sports,3289.17,40,3,1.5,Not Returned,Not Returned
ORD100177,CUST10176,Sports,2726.73,20,7,2.1,Not Returned,Not Returned
ORD100178,CUST10138,Fashion,3711.63,15,1,2.6,Not Returned,Not Returned
ORD100179,CUST10193,Electronics,591.82,40,4,2.7,Not Returned,Not Returned
ORD100180,CUST10185,Sports,489.69,30,13,2.6,Returned,Wrong Size
ORD100181,CUST10217,Sports,1386.1,5,4,4.6,Not Returned,Not Returned
ORD100182,CUST10163,Fashion,965.81,15,14,3.9,Not Returned,Not Returned
ORD100183,CUST10160,Electronics,4384.56,15,5,3.4,Not Returned,Not Returned
ORD100184,CUST10012,Home,1252.23,10,7,2.2,Not Returned,Not Returned
ORD100185,CUST10295,Fashion,4884.15,15,7,4.3,Not Returned,Not Returned
ORD100186,CUST10088,Electronics,1817.1,40,13,4.8,Returned,Damaged
ORD100187,CUST10041,Sports,1074.17,30,11,4.3,Not Returned,Not Returned
ORD100188,CUST10209,Electronics,3990.55,30,13,1.0,Returned,Damaged
ORD100189,CUST10228,Electronics,3361.8,0,4,3.5,Not Returned,Not Returned
ORD100190,CUST10274,Books,2591.34,30,13,1.2,Returned,Damaged
ORD100191,CUST10278,Electronics,2865.75,30,7,2.0,Returned,Not as Described
ORD100192,CUST10250,Home,3652.17,10,11,1.2,Returned,Wrong Size
ORD100193,CUST10207,Electronics,1296.58,30,3,3.4,Not Returned,Not Returned
ORD100194,CUST10139,Home,4982.4,0,6,3.7,Not Returned,Not Returned
ORD100195,CUST10279,Sports,4879.01,5,12,1.5,Not Returned,Not Returned
ORD100196,CUST10033,Home,3321.56,40,2,2.5,Returned,Wrong Size
ORD100197,CUST10017,Sports,1157.8,10,10,2.8,Not Returned,Not Returned
ORD100198,CUST10056,Sports,3465.1,5,13,2.5,Returned,Not as Described
ORD100199,CUST10111,Home,546.55,10,14,1.5,Returned,Damaged
ORD100200,CUST10004,Fashion,347.13,20,9,2.7,Not Returned,Not Returned
ORD100201,CUST10181,Beauty,1436.88,15,5,4.0,Not Returned,Not Returned
ORD100202,CUST10012,Electronics,2420.59,20,6,1.3,Returned,Damaged
ORD100203,CUST10284,Books,4367.71,30,12,1.3,Returned,Changed Mind
ORD100204,CUST10258,Beauty,3690.41,5,12,2.4,Not Returned,Not Returned
ORD100205,CUST10089,Electronics,3764.99,30,12,4.8,Returned,Defective
ORD100206,CUST10103,Electronics,2242.37,15,12,3.7,Not Returned,Not Returned
ORD100207,CUST10185,Sports,1860.49,10,4,3.7,Not Returned,Not Returned
ORD100208,CUST10249,Electronics,1980.99,15,14,2.4,Returned,Late Delivery
ORD100209,CUST10254,Books,4940.72,0,14,3.4,Returned,Defective
ORD100210,CUST10075,Electronics,392.52,15,11,1.0,Not Returned,Not Returned
ORD100211,CUST10107,Home,4361.75,0,10,3.5,Not Returned,Not Returned
ORD100212,CUST10155,Beauty,2977.64,15,7,4.7,Not Returned,Not Returned
ORD100213,CUST10081,Home,2305.35,40,12,3.5,Not Returned,Not Returned
ORD100214,CUST10076,Books,3681.24,0,9,4.5,Not Returned,Not Returned
ORD100215,CUST10257,Electronics,2536.01,5,7,3.9,Not Returned,Not Returned
ORD100216,CUST10126,Books,4392.43,30,14,1.5,Not Returned,Not Returned
ORD100217,CUST10281,Sports,4523.37,30,1,4.6,Not Returned,Not Returned
ORD100218,CUST10087,Home,2224.26,20,1,1.3,Not Returned,Not Returned
ORD100219,CUST10203,Home,1528.77,30,9,3.1,Not Returned,Not Returned
ORD100220,CUST10015,Fashion,3043.28,10,11,1.6,Not Returned,Not Returned
ORD100221,CUST10150,Electronics,4579.34,40,14,1.0,Not Returned,Not Returned
ORD100222,CUST10253,Sports,1211.18,15,9,2.7,Returned,Wrong Size
ORD100223,CUST10187,Home,3190.24,20,4,2.2,Not Returned,Not Returned
ORD100224,CUST10031,Home,3231.49,10,13,2.9,Not Returned,Not Returned
ORD100225,CUST10270,Sports,3718.94,10,9,3.3,Returned,Wrong Size
ORD100226,CUST10004,Books,831.52,0,3,1.2,Returned,Wrong Size
ORD100227,CUST10168,Books,3635.96,30,7,1.5,Not Returned,Not Returned
ORD100228,CUST10180,Electronics,4563.36,5,6,3.2,Not Returned,Not Returned
ORD100229,CUST10177,Fashion,1062.48,5,8,2.4,Returned,Defective
ORD100230,CUST10142,Home,1340.21,20,11,3.9,Not Returned,Not Returned
ORD100231,CUST10247,Fashion,4862.7,40,9,3.6,Not Returned,Not Returned
ORD100232,CUST10126,Books,1068.69,5,14,4.4,Not Returned,Not Returned
ORD100233,CUST10262,Books,4301.05,15,5,3.8,Not Returned,Not Returned
ORD100234,CUST10039,Beauty,2562.93,5,1,2.7,Not Returned,Not Returned
ORD100235,CUST10254,Electronics,1386.71,20,3,3.7,Not Returned,Not Returned
ORD100236,CUST10142,Beauty,4379.6,5,10,2.1,Not Returned,Not Returned
ORD100237,CUST10239,Beauty,2337.47,15,12,2.2,Not Returned,Not Returned
ORD100238,CUST10227,Beauty,2671.12,0,8,4.2,Returned,Late Delivery
ORD100239,CUST10197,Electronics,1924.32,40,11,2.8,Returned,Changed Mind
ORD100240,CUST10064,Electronics,3046.16,20,6,4.2,Not Returned,Not Returned
ORD100241,CUST10010,Sports,984.91,0,8,4.3,Not Returned,Not Returned
ORD100242,CUST10107,Fashion,2077.19,0,9,4.4,Returned,Defective
ORD100243,CUST10025,Fashion,4853.18,0,4,4.7,Not Returned,Not Returned
ORD100244,CUST10150,Sports,1439.04,10,1,2.7,Not Returned,Not Returned
ORD100245,CUST10220,Sports,3352.34,40,14,2.3,Not Returned,Not Returned
ORD100246,CUST10236,Books,1760.91,30,1,3.3,Not Returned,Not Returned
ORD100247,CUST10236,Beauty,3912.67,40,10,2.5,Returned,Late Delivery
ORD100248,CUST10218,Sports,828.19,10,4,3.4,Returned,Damaged
ORD100249,CUST10150,Home,4855.14,30,12,3.8,Not Returned,Not Returned
ORD100250,CUST10122,Fashion,2378.19,40,14,3.8,Returned,Damaged
ORD100251,CUST10143,Sports,1333.04,0,7,2.5,Returned,Wrong Size
ORD100252,CUST10188,Home,552.78,20,2,1.7,Not Returned,Not Returned
ORD100253,CUST10254,Home,1014.84,30,3,2.7,Not Returned,Not Returned
ORD100254,CUST10067,Home,2694.91,15,1,1.6,Not Returned,Not Returned
ORD100255,CUST10103,Books,1817.62,15,5,4.6,Not Returned,Not Returned
ORD100256,CUST10158,Books,4178.64,5,1,2.4,Not Returned,Not Returned
ORD100257,CUST10299,Home,2268.26,30,8,1.6,Returned,Not as Described
ORD100258,CUST10089,Books,1393.83,20,1,1.1,Not Returned,Not Returned
ORD100259,CUST10255,Beauty,3162.3,10,11,3.6,Not Returned,Not Returned
ORD100260,CUST10219,Home,3592.53,0,1,3.5,Not Returned,Not Returned
ORD100261,CUST10008,Beauty,1001.8,5,2,2.4,Not Returned,Not Returned
ORD100262,CUST10011,Beauty,1004.57,15,2,1.3,Returned,Wrong Size
ORD100263,CUST10243,Home,376.02,10,12,2.6,Not Returned,Not Returned
ORD100264,CUST10181,Fashion,3734.73,10,6,2.2,Not Returned,Not Returned
ORD100265,CUST10283,Home,3386.26,0,7,3.7,Not Returned,Not Returned
ORD100266,CUST10098,Home,2478.23,30,5,3.4,Not Returned,Not Returned
ORD100267,CUST10196,Books,4252.02,15,1,2.5,Returned,Not as Described
ORD100268,CUST10225,Home,4067.22,20,1,1.9,Returned,Late Delivery
ORD100269,CUST10102,Fashion,3009.7,10,3,5.0,Not Returned,Not Returned
ORD100270,CUST10105,Books,4367.7,0,14,2.8,Not Returned,Not Returned
ORD100271,CUST10057,Electronics,1188.04,20,2,3.8,Not Returned,Not Returned
ORD100272,CUST10077,Electronics,737.21,30,5,1.6,Not Returned,Not Returned
ORD100273,CUST10074,Beauty,1494.8,15,12,2.9,Not Returned,Not Returned
ORD100274,CUST10041,Beauty,474.02,30,10,1.1,Not Returned,Not Returned
ORD100275,CUST10180,Fashion,2749.61,10,6,3.0,Not Returned,Not Returned
ORD100276,CUST10032,Sports,4695.71,20,7,4.9,Not Returned,Not Returned
ORD100277,CUST10070,Electronics,388.85,20,4,2.5,Not Returned,Not Returned
ORD100278,CUST10055,Beauty,786.13,20,7,1.2,Not Returned,Not Returned
ORD100279,CUST10104,Electronics,2370.56,10,11,1.1,Not Returned,Not Returned
ORD100280,CUST10199,Fashion,4682.6,10,8,2.6,Not Returned,Not Returned
ORD100281,CUST10100,Fashion,1717.55,30,11,1.6,Not Returned,Not Returned
ORD100282,CUST10255,Sports,2634.73,5,1,1.1,Not Returned,Not Returned
ORD100283,CUST10073,Sports,399.55,30,6,4.0,Returned,Damaged
ORD100284,CUST10170,Books,912.05,15,8,2.8,Not Returned,Not Returned
ORD100285,CUST10142,Fashion,4935.82,0,5,2.2,Not Returned,Not Returned
ORD100286,CUST10165,Beauty,4832.57,20,4,4.6,Not Returned,Not Returned
ORD100287,CUST10260,Electronics,223.71,5,2,1.5,Returned,Defective
ORD100288,CUST10220,Home,4768.7,0,6,4.8,Not Returned,Not Returned
ORD100289,CUST10082,Sports,3267.78,5,6,2.3,Not Returned,Not Returned
ORD100290,CUST10181,Home,4366.01,40,11,4.6,Returned,Not as Described
ORD100291,CUST10009,Beauty,2382.75,30,1,3.4,Not Returned,Not Returned
ORD100292,CUST10003,Sports,2674.86,10,9,4.3,Not Returned,Not Returned
ORD100293,CUST10291,Home,2546.46,20,12,4.9,Not Returned,Not Returned
ORD100294,CUST10280,Beauty,3400.95,30,11,2.2,Not Returned,Not Returned
ORD100295,CUST10214,Electronics,870.33,0,6,4.8,Not Returned,Not Returned
ORD100296,CUST10097,Beauty,343.87,40,13,2.6,Not Returned,Not Returned
ORD100297,CUST10100,Books,1678.06,40,3,2.5,Not Returned,Not Returned
ORD100298,CUST10008,Sports,3582.47,40,4,2.4,Not Returned,Not Returned
ORD100299,CUST10060,Fashion,1168.9,0,12,3.2,Not Returned,Not Returned
ORD100300,CUST10145,Electronics,3432.48,0,11,1.6,Not Returned,Not Returned
ORD100301,CUST10062,Home,4855.58,0,4,3.2,Not Returned,Not Returned
ORD100302,CUST10120,Sports,650.72,0,3,3.2,Not Returned,Not Returned
ORD100303,CUST10225,Fashion,3428.49,40,10,4.0,Returned,Late Delivery
ORD100304,CUST10104,Beauty,2330.0,40,3,4.3,Not Returned,Not Returned
ORD100305,CUST10259,Fashion,4367.08,5,3,2.8,Not Returned,Not Returned
ORD100306,CUST10254,Sports,1050.32,30,4,2.2,Returned,Damaged
ORD100307,CUST10206,Sports,3524.6,20,7,2.0,Not Returned,Not Returned
ORD100308,CUST10027,Books,4222.95,10,4,1.8,Returned,Defective
ORD100309,CUST10169,Books,4734.15,40,9,1.2,Not Returned,Not Returned
ORD100310,CUST10075,Fashion,3479.59,10,1,2.4,Not Returned,Not Returned
ORD100311,CUST10115,Beauty,2586.44,30,8,2.1,Not Returned,Not Returned
ORD100312,CUST10068,Fashion,3165.67,30,7,4.9,Returned,Not as Described
ORD100313,CUST10233,Sports,4370.74,10,2,3.2,Not Returned,Not Returned
ORD100314,CUST10000,Sports,2938.93,40,8,2.4,Not Returned,Not Returned
ORD100315,CUST10166,Home,345.86,10,1,3.3,Not Returned,Not Returned
ORD100316,CUST10217,Books,4668.55,5,11,1.6,Not Returned,Not Returned
ORD100317,CUST10272,Home,3509.73,15,12,2.8,Not Returned,Not Returned
ORD100318,CUST10250,Electronics,3447.26,40,9,3.5,Not Returned,Not Returned
ORD100319,CUST10173,Sports,1235.24,40,9,3.0,Not Returned,Not Returned
ORD100320,CUST10169,Home,3362.65,20,2,2.6,Not Returned,Not Returned
ORD100321,CUST10245,Fashion,2090.55,0,7,5.0,Not Returned,Not Returned
ORD100322,CUST10089,Books,3325.92,15,14,4.5,Not Returned,Not Returned
ORD100323,CUST10048,Books,711.65,30,10,3.5,Not Returned,Not Returned
ORD100324,CUST10293,Beauty,3357.66,40,3,3.3,Returned,Wrong Size
ORD100325,CUST10149,Fashion,4997.19,10,7,3.5,Not Returned,Not Returned
ORD100326,CUST10131,Beauty,431.42,15,12,1.8,Not Returned,Not Returned
ORD100327,CUST10058,Home,4890.44,20,10,2.6,Returned,Wrong Size
ORD100328,CUST10198,Electronics,2153.16,30,9,1.2,Returned,Wrong Size
ORD100329,CUST10214,Fashion,4379.62,0,4,2.9,Not Returned,Not Returned
ORD100330,CUST10048,Fashion,3955.45,0,12,3.2,Not Returned,Not Returned
ORD100331,CUST10231,Fashion,2921.68,20,1,1.9,Not Returned,Not Returned
ORD100332,CUST10246,Beauty,3744.56,20,2,4.9,Not Returned,Not Returned
ORD100333,CUST10238,Home,4416.87,10,1,4.6,Not Returned,Not Returned
ORD100334,CUST10167,Fashion,2139.87,40,14,3.9,Not Returned,Not Returned
ORD100335,CUST10047,Fashion,1769.76,0,12,3.1,Not Returned,Not Returned
ORD100336,CUST10050,Books,3404.45,30,5,4.5,Not Returned,Not Returned
ORD100337,CUST10298,Electronics,4077.66,15,5,1.5,Not Returned,Not Returned
ORD100338,CUST10097,Books,3858.97,30,11,4.2,Returned,Late Delivery
ORD100339,CUST10215,Books,4029.51,5,7,1.5,Not Returned,Not Returned
ORD100340,CUST10176,Electronics,2290.8,5,9,4.2,Not Returned,Not Returned
ORD100341,CUST10079,Home,4125.6,20,9,2.1,Returned,Wrong Size
ORD100342,CUST10184,Books,777.0,10,3,4.5,Not Returned,Not Returned
ORD100343,CUST10026,Home,2813.55,5,3,4.8,Not Returned,Not Returned
ORD100344,CUST10194,Books,227.64,0,3,1.6,Not Returned,Not Returned
ORD100345,CUST10213,Sports,1758.01,30,4,2.9,Not Returned,Not Returned
ORD100346,CUST10113,Electronics,1959.02,30,8,4.9,Returned,Changed Mind
ORD100347,CUST10241,Books,2101.63,20,6,2.9,Returned,Damaged
ORD100348,CUST10123,Sports,3538.24,40,8,4.5,Not Returned,Not Returned
ORD100349,CUST10075,Beauty,2065.08,40,1,3.4,Not Returned,Not Returned
ORD100350,CUST10195,Sports,2353.73,15,8,2.5,Not Returned,Not Returned
ORD100351,CUST10043,Fashion,1340.21,20,4,2.1,Not Returned,Not Returned
ORD100352,CUST10185,Books,1991.61,15,11,1.8,Not Returned,Not Returned
ORD100353,CUST10245,Sports,1290.89,40,1,4.0,Not Returned,Not Returned
ORD100354,CUST10083,Home,551.34,20,8,2.5,Not Returned,Not Returned
ORD100355,CUST10206,Beauty,3096.55,20,4,3.0,Not Returned,Not Returned
ORD100356,CUST10150,Books,3407.42,20,6,3.0,Not Returned,Not Returned
ORD100357,CUST10155,Fashion,3173.55,40,8,3.3,Not Returned,Not Returned
ORD100358,CUST10015,Sports,2424.77,15,4,4.5,Not Returned,Not Returned
ORD100359,CUST10164,Beauty,2022.97,15,14,4.9,Not Returned,Not Returned
ORD100360,CUST10144,Books,4344.0,20,3,2.6,Returned,Late Delivery
ORD100361,CUST10036,Beauty,2691.59,5,14,4.3,Not Returned,Not Returned
ORD100362,CUST10044,Fashion,2500.07,10,9,4.1,Not Returned,Not Returned
ORD100363,CUST10205,Sports,323.08,40,3,3.3,Not Returned,Not Returned
ORD100364,CUST10061,Beauty,1837.99,10,9,4.8,Not Returned,Not Returned
ORD100365,CUST10018,Beauty,2024.94,10,13,1.8,Not Returned,Not Returned
ORD100366,CUST10299,Electronics,2114.35,15,2,1.4,Returned,Defective
ORD100367,CUST10006,Beauty,2984.83,15,14,4.4,Not Returned,Not Returned
ORD100368,CUST10248,Electronics,2761.29,5,2,2.8,Not Returned,Not Returned
ORD100369,CUST10116,Sports,3117.94,10,2,4.4,Not Returned,Not Returned
ORD100370,CUST10067,Books,3871.44,10,6,4.6,Not Returned,Not Returned
ORD100371,CUST10033,Books,4102.33,20,3,1.2,Not Returned,Not Returned
ORD100372,CUST10193,Sports,3646.99,15,13,4.5,Not Returned,Not Returned
ORD100373,CUST10054,Sports,4786.51,10,9,2.8,Returned,Wrong Size
ORD100374,CUST10265,Home,287.52,30,4,3.0,Not Returned,Not Returned
ORD100375,CUST10041,Sports,1139.73,5,1,3.5,Not Returned,Not Returned
ORD100376,CUST10296,Beauty,236.3,30,4,4.7,Not Returned,Not Returned
ORD100377,CUST10230,Books,3307.88,30,1,1.1,Not Returned,Not Returned
ORD100378,CUST10009,Fashion,4510.55,40,14,2.9,Returned,Damaged
ORD100379,CUST10127,Books,1368.72,40,5,3.8,Not Returned,Not Returned
ORD100380,CUST10178,Electronics,4649.77,5,4,3.9,Not Returned,Not Returned
ORD100381,CUST10192,Books,489.28,30,8,3.8,Not Returned,Not Returned
ORD100382,CUST10091,Home,4685.29,10,8,1.5,Not Returned,Not Returned
ORD100383,CUST10230,Sports,1887.79,15,7,2.2,Not Returned,Not Returned
ORD100384,CUST10077,Sports,686.82,5,3,2.4,Not Returned,Not Returned
ORD100385,CUST10084,Books,2532.18,20,1,4.2,Not Returned,Not Returned
ORD100386,CUST10029,Fashion,1432.53,30,1,2.1,Returned,Not as Described
ORD100387,CUST10212,Fashion,1567.39,5,12,1.8,Not Returned,Not Returned
ORD100388,CUST10048,Home,1674.99,0,11,4.8,Not Returned,Not Returned
ORD100389,CUST10264,Electronics,4054.52,0,3,1.0,Not Returned,Not Returned
ORD100390,CUST10144,Books,2787.97,40,6,5.0,Not Returned,Not Returned
ORD100391,CUST10068,Sports,1694.28,15,7,3.7,Not Returned,Not Returned
ORD100392,CUST10057,Books,3129.6,10,6,4.3,Not Returned,Not Returned
ORD100393,CUST10184,Home,3637.52,15,14,2.2,Not Returned,Not Returned
ORD100394,CUST10061,Beauty,1508.6,15,14,1.1,Returned,Wrong Size
ORD100395,CUST10295,Beauty,2185.04,15,6,4.0,Not Returned,Not Returned
ORD100396,CUST10165,Home,785.05,15,6,4.3,Not Returned,Not Returned
ORD100397,CUST10170,Sports,1069.52,20,13,4.0,Returned,Damaged
ORD100398,CUST10062,Home,3469.37,20,3,1.6,Not Returned,Not Returned
ORD100399,CUST10146,Sports,1070.9,40,6,4.0,Returned,Changed Mind
ORD100400,CUST10160,Fashion,2720.78,5,8,4.1,Not Returned,Not Returned
ORD100401,CUST10140,Home,3603.42,0,11,3.6,Not Returned,Not Returned
ORD100402,CUST10096,Sports,713.01,15,11,4.1,Not Returned,Not Returned
ORD100403,CUST10220,Home,2923.1,40,2,4.4,Not Returned,Not Returned
ORD100404,CUST10042,Home,1431.5,5,5,3.5,Not Returned,Not Returned
ORD100405,CUST10291,Sports,4822.05,0,14,1.4,Not Returned,Not Returned
ORD100406,CUST10107,Sports,2521.02,30,1,3.0,Not Returned,Not Returned
ORD100407,CUST10265,Electronics,4068.76,10,12,1.3,Not Returned,Not Returned
ORD100408,CUST10094,Home,2841.09,20,1,2.6,Not Returned,Not Returned
ORD100409,CUST10261,Beauty,408.38,30,5,2.6,Not Returned,Not Returned
ORD100410,CUST10070,Home,3239.13,0,12,1.3,Not Returned,Not Returned
ORD100411,CUST10218,Home,4766.74,30,13,2.4,Returned,Not as Described
ORD100412,CUST10020,Sports,3087.74,10,3,1.4,Not Returned,Not Returned
ORD100413,CUST10091,Home,4132.11,40,4,4.2,Not Returned,Not Returned
ORD100414,CUST10126,Books,4444.19,0,3,4.8,Not Returned,Not Returned
ORD100415,CUST10079,Home,1294.78,30,1,1.3,Not Returned,Not Returned
ORD100416,CUST10237,Books,1217.82,20,1,4.8,Not Returned,Not Returned
ORD100417,CUST10181,Beauty,3132.71,20,12,3.1,Not Returned,Not Returned
ORD100418,CUST10024,Sports,2172.94,5,12,2.2,Not Returned,Not Returned
ORD100419,CUST10155,Home,4231.33,30,14,1.3,Not Returned,Not Returned
ORD100420,CUST10004,Books,4520.11,15,13,3.0,Not Returned,Not Returned
ORD100421,CUST10119,Books,1896.42,30,14,4.2,Not Returned,Not Returned
ORD100422,CUST10276,Books,1336.98,40,5,3.8,Not Returned,Not Returned
ORD100423,CUST10017,Fashion,3946.52,0,6,1.2,Not Returned,Not Returned
ORD100424,CUST10197,Electronics,1519.07,0,3,1.3,Not Returned,Not Returned
ORD100425,CUST10056,Beauty,4148.55,40,12,2.6,Returned,Changed Mind
ORD100426,CUST10092,Home,2233.94,30,9,2.2,Returned,Defective
ORD100427,CUST10018,Fashion,3404.24,40,5,1.9,Returned,Damaged
ORD100428,CUST10192,Home,658.57,10,8,2.1,Not Returned,Not Returned
ORD100429,CUST10236,Home,3194.52,40,13,4.2,Returned,Changed Mind
ORD100430,CUST10276,Sports,2368.48,20,1,4.7,Not Returned,Not Returned
ORD100431,CUST10226,Sports,3015.72,40,14,2.6,Not Returned,Not Returned
ORD100432,CUST10232,Sports,1006.47,0,5,4.6,Not Returned,Not Returned
ORD100433,CUST10039,Fashion,3736.99,20,3,2.3,Not Returned,Not Returned
ORD100434,CUST10152,Home,4341.43,0,12,2.9,Not Returned,Not Returned
ORD100435,CUST10126,Electronics,1240.35,5,1,1.9,Returned,Defective
ORD100436,CUST10236,Beauty,659.43,15,4,3.6,Not Returned,Not Returned
ORD100437,CUST10054,Sports,313.47,0,13,4.9,Not Returned,Not Returned
ORD100438,CUST10171,Sports,3281.46,20,5,3.4,Not Returned,Not Returned
ORD100439,CUST10108,Home,3114.05,5,7,2.4,Not Returned,Not Returned
ORD100440,CUST10183,Home,2824.15,0,1,3.6,Not Returned,Not Returned
ORD100441,CUST10197,Fashion,1313.35,10,3,1.5,Not Returned,Not Returned
ORD100442,CUST10086,Fashion,2076.35,40,2,4.6,Not Returned,Not Returned
ORD100443,CUST10200,Sports,3053.49,15,9,3.0,Returned,Damaged
ORD100444,CUST10274,Home,2584.48,0,10,2.8,Returned,Damaged
ORD100445,CUST10210,Electronics,4941.37,5,6,3.3,Not Returned,Not Returned
ORD100446,CUST10117,Beauty,854.91,10,10,3.5,Not Returned,Not Returned
ORD100447,CUST10190,Home,3536.69,30,3,1.3,Not Returned,Not Returned
ORD100448,CUST10041,Home,2140.73,5,8,3.7,Returned,Changed Mind
ORD100449,CUST10041,Books,2255.36,40,14,2.0,Not Returned,Not Returned
ORD100450,CUST10275,Fashion,3644.47,5,8,3.9,Not Returned,Not Returned
ORD100451,CUST10016,Beauty,3523.69,10,2,4.3,Not Returned,Not Returned
ORD100452,CUST10282,Sports,4958.03,5,6,4.2,Not Returned,Not Returned
ORD100453,CUST10257,Home,816.29,10,7,3.2,Returned,Damaged
ORD100454,CUST10062,Sports,699.73,0,2,3.1,Not Returned,Not Returned
ORD100455,CUST10061,Home,3676.83,10,11,1.6,Not Returned,Not Returned
ORD100456,CUST10099,Sports,2976.26,10,10,4.1,Not Returned,Not Returned
ORD100457,CUST10018,Beauty,1515.97,15,2,2.1,Returned,Wrong Size
ORD100458,CUST10016,Fashion,581.21,10,10,3.0,Not Returned,Not Returned
ORD100459,CUST10245,Beauty,611.16,10,1,2.1,Returned,Damaged
ORD100460,CUST10250,Books,4492.12,30,8,1.5,Returned,Late Delivery
ORD100461,CUST10080,Electronics,1120.96,0,1,3.5,Not Returned,Not Returned
ORD100462,CUST10038,Fashion,1752.18,40,9,1.2,Returned,Defective
ORD100463,CUST10035,Beauty,1287.95,15,11,4.0,Not Returned,Not Returned
ORD100464,CUST10196,Books,1903.98,30,6,2.3,Not Returned,Not Returned
ORD100465,CUST10157,Electronics,533.23,20,7,1.0,Not Returned,Not Returned
ORD100466,CUST10203,Books,2691.49,0,13,3.0,Returned,Damaged
ORD100467,CUST10195,Home,524.54,0,10,1.2,Returned,Late Delivery
ORD100468,CUST10215,Home,4041.71,20,7,2.1,Not Returned,Not Returned
ORD100469,CUST10284,Sports,1321.82,40,10,3.8,Not Returned,Not Returned
ORD100470,CUST10195,Fashion,2792.06,10,3,1.3,Not Returned,Not Returned
ORD100471,CUST10151,Home,4424.38,30,2,4.4,Not Returned,Not Returned
ORD100472,CUST10013,Books,3324.21,5,9,1.0,Not Returned,Not Returned
ORD100473,CUST10145,Fashion,2758.2,15,8,2.0,Not Returned,Not Returned
ORD100474,CUST10056,Home,1756.8,5,13,4.0,Not Returned,Not Returned
ORD100475,CUST10210,Sports,1798.41,20,12,2.3,Not Returned,Not Returned
ORD100476,CUST10267,Beauty,3413.54,0,10,1.4,Not Returned,Not Returned
ORD100477,CUST10209,Sports,4971.87,40,7,2.4,Returned,Damaged
ORD100478,CUST10016,Electronics,3376.83,0,9,2.1,Not Returned,Not Returned
ORD100479,CUST10285,Home,2877.36,15,4,4.4,Not Returned,Not Returned
ORD100480,CUST10202,Electronics,3707.12,0,13,2.3,Not Returned,Not Returned
ORD100481,CUST10098,Electronics,2432.99,0,4,4.2,Not Returned,Not Returned
ORD100482,CUST10278,Books,488.68,15,1,4.6,Not Returned,Not Returned
ORD100483,CUST10208,Fashion,2899.02,30,8,2.7,Returned,Damaged
ORD100484,CUST10128,Books,4796.6,30,14,4.6,Not Returned,Not Returned
ORD100485,CUST10287,Home,1041.45,15,14,2.5,Not Returned,Not Returned
ORD100486,CUST10251,Electronics,3512.02,40,12,4.9,Not Returned,Not Returned
ORD100487,CUST10264,Beauty,1164.48,20,3,1.4,Not Returned,Not Returned
ORD100488,CUST10270,Electronics,2771.97,0,7,3.7,Not Returned,Not Returned
ORD100489,CUST10187,Beauty,664.05,40,12,3.0,Not Returned,Not Returned
ORD100490,CUST10213,Books,2361.78,0,2,2.6,Not Returned,Not Returned
ORD100491,CUST10282,Books,3829.58,20,2,3.5,Not Returned,Not Returned
ORD100492,CUST10210,Fashion,1868.34,30,7,3.8,Not Returned,Not Returned
ORD100493,CUST10075,Electronics,3391.58,40,6,1.0,Not Returned,Not Returned
ORD100494,CUST10147,Sports,4018.16,10,3,1.7,Returned,Changed Mind
ORD100495,CUST10212,Books,4650.45,10,9,3.9,Not Returned,Not Returned
ORD100496,CUST10108,Books,1326.28,10,10,3.7,Returned,Wrong Size
ORD100497,CUST10128,Fashion,2116.72,30,14,4.9,Not Returned,Not Returned
ORD100498,CUST10009,Beauty,931.6,30,13,4.0,Not Returned,Not Returned
ORD100499,CUST10046,Fashion,4963.92,20,6,4.8,Not Returned,Not Returned
ORD100500,CUST10095,Electronics,4649.6,0,10,3.8,Not Returned,Not Returned
ORD100501,CUST10102,Home,2791.79,20,10,2.2,Returned,Defective
ORD100502,CUST10145,Home,4241.76,20,6,1.4,Not Returned,Not Returned
ORD100503,CUST10026,Beauty,2700.6,30,1,4.1,Not Returned,Not Returned
ORD100504,CUST10219,Books,3193.21,10,4,3.6,Not Returned,Not Returned
ORD100505,CUST10017,Beauty,627.8,5,10,1.2,Not Returned,Not Returned
ORD100506,CUST10166,Books,3825.3,0,6,2.4,Returned,Wrong Size
ORD100507,CUST10081,Books,813.02,30,6,4.8,Returned,Not as Described
ORD100508,CUST10071,Home,4165.12,10,11,3.0,Returned,Changed Mind
ORD100509,CUST10253,Beauty,3953.73,40,12,2.7,Returned,Changed Mind
ORD100510,CUST10161,Fashion,3601.97,5,5,2.8,Not Returned,Not Returned
ORD100511,CUST10037,Books,373.57,5,1,1.8,Not Returned,Not Returned
ORD100512,CUST10200,Sports,1655.02,30,8,2.5,Not Returned,Not Returned
ORD100513,CUST10199,Sports,1462.94,15,5,2.5,Not Returned,Not Returned
ORD100514,CUST10254,Fashion,1928.65,0,12,1.2,Returned,Wrong Size
ORD100515,CUST10178,Sports,620.69,5,12,4.1,Not Returned,Not Returned
ORD100516,CUST10034,Electronics,4697.4,30,12,2.7,Returned,Changed Mind
ORD100517,CUST10081,Books,2858.25,30,5,4.3,Not Returned,Not Returned
ORD100518,CUST10219,Fashion,1666.52,10,7,4.4,Not Returned,Not Returned
ORD100519,CUST10157,Beauty,2105.51,40,4,1.8,Returned,Wrong Size
ORD100520,CUST10003,Books,2346.57,15,6,3.6,Not Returned,Not Returned
ORD100521,CUST10166,Fashion,3082.85,0,13,2.9,Not Returned,Not Returned
ORD100522,CUST10203,Home,2675.26,20,4,4.5,Not Returned,Not Returned
ORD100523,CUST10193,Beauty,4613.08,40,14,1.9,Not Returned,Not Returned
ORD100524,CUST10234,Home,2585.42,40,3,3.7,Returned,Changed Mind
ORD100525,CUST10205,Books,4962.36,10,7,3.4,Not Returned,Not Returned
ORD100526,CUST10149,Beauty,4286.84,5,8,2.2,Not Returned,Not Returned
ORD100527,CUST10158,Sports,1200.85,5,4,1.5,Not Returned,Not Returned
ORD100528,CUST10278,Fashion,4666.86,10,13,3.6,Not Returned,Not Returned
ORD100529,CUST10165,Books,758.56,30,2,4.0,Returned,Damaged
ORD100530,CUST10067,Electronics,4123.76,5,12,2.3,Not Returned,Not Returned
ORD100531,CUST10087,Beauty,2026.99,15,10,3.6,Returned,Wrong Size
ORD100532,CUST10216,Beauty,4414.28,0,14,2.6,Not Returned,Not Returned
ORD100533,CUST10000,Books,4366.67,40,3,3.9,Not Returned,Not Returned
ORD100534,CUST10134,Books,4068.44,40,1,1.8,Not Returned,Not Returned
ORD100535,CUST10184,Home,3992.15,15,8,4.6,Not Returned,Not Returned
ORD100536,CUST10139,Sports,1662.46,5,3,2.1,Not Returned,Not Returned
ORD100537,CUST10105,Home,588.41,40,12,2.5,Not Returned,Not Returned
ORD100538,CUST10132,Home,2134.3,20,10,1.2,Not Returned,Not Returned
ORD100539,CUST10107,Sports,1032.92,0,7,1.4,Not Returned,Not Returned
ORD100540,CUST10177,Electronics,3535.77,0,10,3.1,Returned,Wrong Size
ORD100541,CUST10297,Home,1861.28,40,5,2.1,Returned,Late Delivery
ORD100542,CUST10145,Home,4882.93,10,10,4.3,Not Returned,Not Returned
ORD100543,CUST10073,Beauty,3276.67,40,5,1.1,Not Returned,Not Returned
ORD100544,CUST10107,Sports,4147.91,10,14,2.5,Not Returned,Not Returned
ORD100545,CUST10121,Fashion,836.12,40,7,2.3,Not Returned,Not Returned
ORD100546,CUST10016,Electronics,4337.67,20,9,1.1,Not Returned,Not Returned
ORD100547,CUST10195,Electronics,4629.23,30,12,1.5,Not Returned,Not Returned
ORD100548,CUST10296,Sports,2537.9,0,5,2.7,Not Returned,Not Returned
ORD100549,CUST10251,Books,3110.01,40,1,3.0,Not Returned,Not Returned
ORD100550,CUST10118,Books,3871.09,20,10,2.6,Returned,Changed Mind
ORD100551,CUST10161,Beauty,1039.23,10,10,3.1,Not Returned,Not Returned
ORD100552,CUST10197,Beauty,2612.32,10,1,3.4,Returned,Changed Mind
ORD100553,CUST10044,Sports,2113.58,0,2,1.0,Returned,Wrong Size
ORD100554,CUST10178,Beauty,902.6,15,14,2.9,Not Returned,Not Returned
ORD100555,CUST10043,Electronics,1964.17,40,6,4.9,Not Returned,Not Returned
ORD100556,CUST10270,Electronics,527.23,5,9,3.1,Not Returned,Not Returned
ORD100557,CUST10077,Fashion,323.9,10,8,3.7,Not Returned,Not Returned
ORD100558,CUST10177,Books,848.8,30,13,2.2,Returned,Damaged
ORD100559,CUST10002,Sports,4822.95,30,5,4.1,Returned,Damaged
ORD100560,CUST10213,Home,2837.74,10,1,4.1,Not Returned,Not Returned
ORD100561,CUST10073,Books,4835.95,15,13,3.1,Not Returned,Not Returned
ORD100562,CUST10050,Home,2275.99,15,7,4.9,Not Returned,Not Returned
ORD100563,CUST10066,Fashion,1696.72,20,5,1.5,Not Returned,Not Returned
ORD100564,CUST10092,Fashion,2629.48,30,6,1.1,Not Returned,Not Returned
ORD100565,CUST10175,Beauty,2309.66,20,13,4.1,Not Returned,Not Returned
ORD100566,CUST10144,Fashion,707.19,30,7,4.2,Not Returned,Not Returned
ORD100567,CUST10006,Fashion,3275.97,40,3,1.5,Not Returned,Not Returned
ORD100568,CUST10268,Home,1236.98,40,12,2.1,Not Returned,Not Returned
ORD100569,CUST10003,Beauty,3174.02,5,10,1.1,Not Returned,Not Returned
ORD100570,CUST10137,Fashion,3320.97,40,3,2.2,Not Returned,Not Returned
ORD100571,CUST10230,Books,929.72,5,5,4.1,Not Returned,Not Returned
ORD100572,CUST10087,Fashion,494.48,40,6,3.1,Not Returned,Not Returned
ORD100573,CUST10016,Beauty,3947.66,0,9,2.4,Not Returned,Not Returned
ORD100574,CUST10051,Sports,2407.04,40,13,2.5,Not Returned,Not Returned
ORD100575,CUST10133,Beauty,479.19,20,14,1.0,Returned,Defective
ORD100576,CUST10210,Home,4975.36,10,12,2.2,Returned,Damaged
ORD100577,CUST10218,Sports,477.35,20,5,3.6,Not Returned,Not Returned
ORD100578,CUST10204,Books,3536.17,10,1,4.9,Not Returned,Not Returned
ORD100579,CUST10210,Electronics,4921.66,15,14,4.4,Returned,Changed Mind
ORD100580,CUST10276,Beauty,1348.06,20,14,1.1,Not Returned,Not Returned
ORD100581,CUST10023,Home,882.8,15,14,4.6,Returned,Late Delivery
ORD100582,CUST10003,Books,782.65,5,4,4.1,Not Returned,Not Returned
ORD100583,CUST10151,Sports,1655.72,5,5,4.1,Not Returned,Not Returned
ORD100584,CUST10258,Books,685.02,0,12,2.8,Returned,Wrong Size
ORD100585,CUST10167,Beauty,3522.37,40,10,2.6,Returned,Not as Described
ORD100586,CUST10175,Fashion,499.0,20,10,2.2,Not Returned,Not Returned
ORD100587,CUST10290,Beauty,2645.23,15,5,1.3,Not Returned,Not Returned
ORD100588,CUST10055,Electronics,4984.14,10,7,1.9,Not Returned,Not Returned
ORD100589,CUST10107,Beauty,4107.06,5,4,2.0,Not Returned,Not Returned
ORD100590,CUST10295,Sports,3153.05,40,1,2.9,Not Returned,Not Returned
ORD100591,CUST10140,Sports,1670.02,5,14,4.0,Returned,Late Delivery
ORD100592,CUST10154,Beauty,3194.7,10,14,2.9,Not Returned,Not Returned
ORD100593,CUST10261,Sports,2729.8,40,5,1.2,Returned,Not as Described
ORD100594,CUST10272,Fashion,2245.2,40,7,4.8,Not Returned,Not Returned
ORD100595,CUST10231,Books,827.41,15,10,4.8,Not Returned,Not Returned
ORD100596,CUST10240,Beauty,4455.7,15,10,4.1,Not Returned,Not Returned
ORD100597,CUST10257,Fashion,2358.97,20,6,5.0,Not Returned,Not Returned
ORD100598,CUST10248,Books,1134.19,20,5,3.2,Not Returned,Not Returned
ORD100599,CUST10076,Books,1965.24,30,4,4.9,Not Returned,Not Returned
ORD100600,CUST10179,Fashion,2187.82,30,2,1.3,Returned,Late Delivery
ORD100601,CUST10065,Home,4172.18,0,4,2.5,Not Returned,Not Returned
ORD100602,CUST10170,Beauty,3721.35,5,10,1.9,Returned,Damaged
ORD100603,CUST10021,Books,3892.66,20,10,1.8,Not Returned,Not Returned
ORD100604,CUST10106,Books,252.95,15,3,1.6,Returned,Changed Mind
ORD100605,CUST10226,Sports,2197.54,10,10,3.5,Not Returned,Not Returned
ORD100606,CUST10215,Books,2510.45,15,1,4.1,Not Returned,Not Returned
ORD100607,CUST10068,Fashion,292.12,5,8,3.3,Not Returned,Not Returned
ORD100608,CUST10083,Books,1447.1,30,5,1.6,Not Returned,Not Returned
ORD100609,CUST10102,Home,3849.39,15,13,4.2,Not Returned,Not Returned
ORD100610,CUST10038,Beauty,858.13,0,4,3.5,Not Returned,Not Returned
ORD100611,CUST10012,Beauty,2769.49,5,8,2.6,Not Returned,Not Returned
ORD100612,CUST10296,Books,1232.97,30,7,3.7,Not Returned,Not Returned
ORD100613,CUST10180,Electronics,258.18,10,2,2.0,Not Returned,Not Returned
ORD100614,CUST10267,Electronics,1357.77,30,1,2.4,Not Returned,Not Returned
ORD100615,CUST10012,Fashion,4884.19,40,12,4.7,Not Returned,Not Returned
ORD100616,CUST10119,Electronics,4047.38,0,11,2.2,Not Returned,Not Returned
ORD100617,CUST10056,Fashion,4805.97,5,4,2.9,Not Returned,Not Returned
ORD100618,CUST10039,Sports,2541.7,10,8,4.6,Not Returned,Not Returned
ORD100619,CUST10127,Fashion,726.73,0,12,3.8,Returned,Not as Described
ORD100620,CUST10172,Electronics,2830.21,30,2,1.2,Returned,Late Delivery
ORD100621,CUST10034,Books,2381.01,0,3,1.6,Not Returned,Not Returned
ORD100622,CUST10258,Sports,4252.91,5,12,1.0,Not Returned,Not Returned
ORD100623,CUST10004,Electronics,670.8,20,1,3.5,Not Returned,Not Returned
ORD100624,CUST10217,Fashion,2543.56,0,1,2.8,Not Returned,Not Returned
ORD100625,CUST10010,Home,920.23,40,13,1.5,Not Returned,Not Returned
ORD100626,CUST10116,Beauty,1758.44,0,3,4.8,Not Returned,Not Returned
ORD100627,CUST10183,Electronics,3739.31,30,11,3.1,Returned,Changed Mind
ORD100628,CUST10115,Fashion,2484.89,30,5,2.0,Not Returned,Not Returned
ORD100629,CUST10161,Sports,2004.26,10,12,3.0,Not Returned,Not Returned
ORD100630,CUST10066,Electronics,2093.49,30,3,3.7,Not Returned,Not Returned
ORD100631,CUST10199,Electronics,2405.34,15,1,1.3,Not Returned,Not Returned
ORD100632,CUST10030,Beauty,3968.08,5,1,2.1,Not Returned,Not Returned
ORD100633,CUST10074,Fashion,4482.01,5,8,4.2,Not Returned,Not Returned
ORD100634,CUST10236,Home,4785.61,20,10,2.8,Not Returned,Not Returned
ORD100635,CUST10065,Sports,3977.14,20,11,3.2,Returned,Not as Described
ORD100636,CUST10069,Fashion,1713.95,5,12,2.7,Not Returned,Not Returned
ORD100637,CUST10296,Sports,3503.05,40,13,1.2,Not Returned,Not Returned
ORD100638,CUST10019,Electronics,2300.49,20,13,1.7,Not Returned,Not Returned
ORD100639,CUST10225,Beauty,1422.42,10,12,2.8,Returned,Wrong Size
ORD100640,CUST10198,Beauty,4236.18,30,14,1.8,Not Returned,Not Returned
ORD100641,CUST10038,Books,384.45,5,2,1.2,Not Returned,Not Returned
ORD100642,CUST10144,Home,4528.46,20,13,4.4,Not Returned,Not Returned
ORD100643,CUST10044,Beauty,2415.09,5,3,4.9,Not Returned,Not Returned
ORD100644,CUST10090,Electronics,3258.57,15,2,4.2,Not Returned,Not Returned
ORD100645,CUST10237,Home,3364.9,0,3,4.4,Not Returned,Not Returned
ORD100646,CUST10069,Fashion,4496.57,30,7,2.0,Not Returned,Not Returned
ORD100647,CUST10165,Beauty,3256.01,5,1,4.8,Not Returned,Not Returned
ORD100648,CUST10129,Home,3146.88,0,10,1.8,Not Returned,Not Returned
ORD100649,CUST10213,Electronics,519.93,20,8,4.8,Not Returned,Not Returned
ORD100650,CUST10088,Books,2688.36,0,13,5.0,Not Returned,Not Returned
ORD100651,CUST10251,Sports,920.81,30,10,3.8,Not Returned,Not Returned
ORD100652,CUST10071,Sports,3739.68,5,10,4.9,Not Returned,Not Returned
ORD100653,CUST10164,Electronics,2658.67,15,10,3.3,Not Returned,Not Returned
ORD100654,CUST10048,Electronics,3465.09,40,14,2.0,Returned,Late Delivery
ORD100655,CUST10051,Sports,400.03,20,2,2.7,Not Returned,Not Returned
ORD100656,CUST10288,Books,607.0,5,3,3.4,Not Returned,Not Returned
ORD100657,CUST10277,Home,3638.35,30,9,1.3,Returned,Wrong Size
ORD100658,CUST10113,Sports,546.0,20,7,3.5,Not Returned,Not Returned
ORD100659,CUST10238,Electronics,542.03,10,4,4.9,Not Returned,Not Returned
ORD100660,CUST10132,Beauty,258.12,0,10,1.8,Not Returned,Not Returned
ORD100661,CUST10273,Fashion,4791.21,40,5,4.2,Returned,Damaged
ORD100662,CUST10165,Books,3740.04,30,2,4.6,Not Returned,Not Returned
ORD100663,CUST10292,Books,1895.61,10,13,4.8,Not Returned,Not Returned
ORD100664,CUST10242,Beauty,1623.37,5,11,4.8,Not Returned,Not Returned
ORD100665,CUST10137,Beauty,1878.58,15,13,3.1,Not Returned,Not Returned
ORD100666,CUST10078,Electronics,3918.34,20,8,4.9,Not Returned,Not Returned
ORD100667,CUST10169,Sports,3374.58,0,4,4.0,Not Returned,Not Returned
ORD100668,CUST10122,Home,1088.94,20,9,1.6,Returned,Wrong Size
ORD100669,CUST10175,Books,1035.72,40,5,2.9,Not Returned,Not Returned
ORD100670,CUST10299,Books,672.3,5,13,3.9,Not Returned,Not Returned
ORD100671,CUST10081,Beauty,3369.45,20,9,2.0,Not Returned,Not Returned
ORD100672,CUST10086,Sports,3868.99,0,4,3.6,Not Returned,Not Returned
ORD100673,CUST10224,Books,1472.22,5,10,3.7,Not Returned,Not Returned
ORD100674,CUST10015,Home,300.54,20,5,1.7,Not Returned,Not Returned
ORD100675,CUST10162,Beauty,594.42,15,9,3.3,Not Returned,Not Returned
ORD100676,CUST10097,Home,4845.73,30,8,4.1,Not Returned,Not Returned
ORD100677,CUST10155,Sports,1618.13,5,3,3.0,Not Returned,Not Returned
ORD100678,CUST10001,Books,3892.27,30,1,1.0,Not Returned,Not Returned
ORD100679,CUST10168,Fashion,3198.39,5,3,1.0,Returned,Wrong Size
ORD100680,CUST10091,Books,2033.31,15,4,2.4,Not Returned,Not Returned
ORD100681,CUST10180,Sports,1187.3,30,2,4.7,Returned,Defective
ORD100682,CUST10230,Books,782.65,10,1,1.9,Returned,Late Delivery
ORD100683,CUST10147,Books,3152.06,0,7,3.5,Not Returned,Not Returned
ORD100684,CUST10279,Electronics,3918.24,10,8,1.9,Returned,Damaged
ORD100685,CUST10188,Books,3290.74,20,7,2.3,Returned,Wrong Size
ORD100686,CUST10127,Books,2745.45,15,14,4.4,Not Returned,Not Returned
ORD100687,CUST10006,Home,401.37,10,5,3.9,Not Returned,Not Returned
ORD100688,CUST10046,Fashion,4848.75,5,12,1.4,Returned,Changed Mind
ORD100689,CUST10052,Home,4033.83,20,1,2.7,Not Returned,Not Returned
ORD100690,CUST10186,Home,1605.55,20,7,1.1,Not Returned,Not Returned
ORD100691,CUST10037,Beauty,4903.86,10,13,2.9,Not Returned,Not Returned
ORD100692,CUST10225,Electronics,3089.03,10,7,3.6,Not Returned,Not Returned
ORD100693,CUST10052,Home,2995.63,15,9,1.5,Returned,Not as Described
ORD100694,CUST10223,Sports,3790.75,0,3,2.2,Not Returned,Not Returned
ORD100695,CUST10153,Sports,4096.49,10,9,2.6,Not Returned,Not Returned
ORD100696,CUST10047,Books,3351.1,40,14,4.7,Not Returned,Not Returned
ORD100697,CUST10146,Beauty,814.86,10,1,5.0,Not Returned,Not Returned
ORD100698,CUST10063,Electronics,1823.68,30,1,1.2,Not Returned,Not Returned
ORD100699,CUST10181,Electronics,4654.8,5,14,4.0,Not Returned,Not Returned
ORD100700,CUST10124,Books,1278.15,40,4,2.5,Not Returned,Not Returned
ORD100701,CUST10178,Sports,1986.4,40,9,2.6,Returned,Wrong Size
ORD100702,CUST10038,Fashion,2273.97,30,6,4.0,Not Returned,Not Returned
ORD100703,CUST10259,Beauty,2309.14,30,13,4.7,Returned,Damaged
ORD100704,CUST10002,Books,3142.11,20,11,4.8,Not Returned,Not Returned
ORD100705,CUST10063,Beauty,4726.76,0,3,3.3,Not Returned,Not Returned
ORD100706,CUST10028,Sports,1355.33,5,1,2.4,Not Returned,Not Returned
ORD100707,CUST10010,Sports,783.21,15,4,4.2,Not Returned,Not Returned
ORD100708,CUST10096,Fashion,1147.86,40,12,2.0,Not Returned,Not Returned
ORD100709,CUST10202,Fashion,4457.24,15,13,3.3,Returned,Wrong Size
ORD100710,CUST10020,Electronics,3299.89,10,9,2.4,Not Returned,Not Returned
ORD100711,CUST10038,Beauty,1572.35,10,3,3.6,Not Returned,Not Returned
ORD100712,CUST10222,Beauty,4116.55,15,12,2.0,Not Returned,Not Returned
ORD100713,CUST10101,Sports,4334.58,10,9,1.8,Not Returned,Not Returned
ORD100714,CUST10045,Electronics,4263.27,0,7,4.7,Not Returned,Not Returned
ORD100715,CUST10065,Books,4610.85,30,12,1.4,Not Returned,Not Returned
ORD100716,CUST10090,Beauty,1410.76,10,14,3.0,Returned,Not as Described
ORD100717,CUST10163,Electronics,3824.2,20,4,1.9,Not Returned,Not Returned
ORD100718,CUST10110,Electronics,2410.59,10,3,1.2,Not Returned,Not Returned
ORD100719,CUST10122,Sports,4241.59,5,10,1.1,Not Returned,Not Returned
ORD100720,CUST10192,Electronics,3696.76,0,5,1.7,Not Returned,Not Returned
ORD100721,CUST10098,Fashion,3926.95,5,5,4.5,Not Returned,Not Returned
ORD100722,CUST10290,Fashion,3349.58,5,3,2.1,Not Returned,Not Returned
ORD100723,CUST10158,Home,1051.66,20,12,4.8,Not Returned,Not Returned
ORD100724,CUST10102,Sports,2816.13,0,9,3.3,Not Returned,Not Returned
ORD100725,CUST10280,Books,4926.41,0,4,2.7,Not Returned,Not Returned
ORD100726,CUST10042,Home,4699.46,0,11,3.3,Not Returned,Not Returned
ORD100727,CUST10083,Fashion,407.23,0,5,3.1,Not Returned,Not Returned
ORD100728,CUST10190,Home,991.11,0,4,4.0,Not Returned,Not Returned
ORD100729,CUST10050,Sports,832.3,20,5,2.1,Not Returned,Not Returned
ORD100730,CUST10209,Sports,3684.7,10,7,2.4,Not Returned,Not Returned
ORD100731,CUST10125,Electronics,4125.37,5,9,4.6,Returned,Damaged
ORD100732,CUST10068,Beauty,1224.85,0,7,4.8,Not Returned,Not Returned
ORD100733,CUST10264,Electronics,2628.09,40,13,4.6,Returned,Late Delivery
ORD100734,CUST10257,Sports,4235.37,10,5,2.7,Returned,Damaged
ORD100735,CUST10187,Fashion,3717.45,10,10,4.1,Not Returned,Not Returned
ORD100736,CUST10229,Books,2802.74,5,10,2.9,Not Returned,Not Returned
ORD100737,CUST10188,Fashion,3033.67,20,7,3.0,Not Returned,Not Returned
ORD100738,CUST10009,Electronics,2640.13,15,14,1.8,Returned,Late Delivery
ORD100739,CUST10113,Books,1628.23,15,10,3.4,Returned,Damaged
ORD100740,CUST10075,Sports,2912.11,10,5,1.7,Not Returned,Not Returned
ORD100741,CUST10163,Fashion,3506.65,30,3,2.3,Returned,Not as Described
ORD100742,CUST10084,Sports,4391.95,30,7,4.4,Not Returned,Not Returned
ORD100743,CUST10048,Books,3254.2,5,13,1.8,Not Returned,Not Returned
ORD100744,CUST10176,Books,3853.38,15,11,1.3,Not Returned,Not Returned
ORD100745,CUST10217,Fashion,968.34,10,11,1.3,Not Returned,Not Returned
ORD100746,CUST10188,Sports,2415.48,20,2,4.8,Returned,Not as Described
ORD100747,CUST10229,Home,244.79,15,12,3.0,Not Returned,Not Returned
ORD100748,CUST10254,Sports,1384.06,10,9,2.6,Not Returned,Not Returned
ORD100749,CUST10235,Books,3687.02,10,10,4.2,Not Returned,Not Returned
ORD100750,CUST10025,Sports,4960.69,0,10,4.3,Not Returned,Not Returned
ORD100751,CUST10071,Electronics,676.05,20,12,2.3,Not Returned,Not Returned
ORD100752,CUST10260,Home,2127.17,0,1,3.8,Not Returned,Not Returned
ORD100753,CUST10253,Beauty,4040.34,5,13,4.1,Not Returned,Not Returned
ORD100754,CUST10270,Electronics,1179.37,0,6,3.6,Not Returned,Not Returned
ORD100755,CUST10122,Beauty,2864.41,40,7,1.6,Not Returned,Not Returned
ORD100756,CUST10143,Fashion,3718.74,0,14,4.5,Returned,Damaged
ORD100757,CUST10256,Beauty,3156.73,40,13,3.2,Returned,Wrong Size
ORD100758,CUST10143,Sports,1102.52,15,8,2.1,Not Returned,Not Returned
ORD100759,CUST10258,Beauty,1905.85,30,10,2.7,Returned,Not as Described
ORD100760,CUST10046,Books,3962.2,10,9,1.2,Returned,Late Delivery
ORD100761,CUST10012,Electronics,2860.29,40,2,1.5,Not Returned,Not Returned
ORD100762,CUST10207,Electronics,225.1,20,11,4.1,Not Returned,Not Returned
ORD100763,CUST10234,Beauty,3852.76,0,10,1.0,Not Returned,Not Returned
ORD100764,CUST10148,Electronics,369.49,40,2,2.7,Not Returned,Not Returned
ORD100765,CUST10154,Books,3779.52,20,5,3.1,Not Returned,Not Returned
ORD100766,CUST10165,Electronics,1171.91,30,13,1.2,Returned,Late Delivery
ORD100767,CUST10089,Beauty,4798.75,30,5,4.9,Not Returned,Not Returned
ORD100768,CUST10185,Home,1966.12,0,6,1.9,Not Returned,Not Returned
ORD100769,CUST10173,Home,1769.27,5,3,2.2,Not Returned,Not Returned
ORD100770,CUST10216,Fashion,914.66,0,8,2.2,Not Returned,Not Returned
ORD100771,CUST10263,Electronics,1666.9,15,13,1.9,Returned,Changed Mind
ORD100772,CUST10096,Beauty,4407.92,40,1,1.0,Not Returned,Not Returned
ORD100773,CUST10116,Electronics,4982.4,10,6,3.9,Not Returned,Not Returned
ORD100774,CUST10198,Sports,1967.89,5,4,4.9,Not Returned,Not Returned
ORD100775,CUST10020,Books,2353.33,0,1,1.9,Not Returned,Not Returned
ORD100776,CUST10199,Electronics,3665.94,20,7,3.7,Not Returned,Not Returned
ORD100777,CUST10247,Electronics,4453.74,5,9,4.0,Not Returned,Not Returned
ORD100778,CUST10275,Home,3046.61,40,13,4.4,Not Returned,Not Returned
ORD100779,CUST10263,Books,2079.32,5,4,2.7,Returned,Defective
ORD100780,CUST10057,Beauty,2180.58,40,4,2.2,Not Returned,Not Returned
ORD100781,CUST10030,Electronics,3538.97,0,6,2.3,Not Returned,Not Returned
ORD100782,CUST10248,Home,215.45,40,12,3.9,Returned,Defective
ORD100783,CUST10092,Fashion,3174.03,5,3,4.3,Not Returned,Not Returned
ORD100784,CUST10264,Books,1906.37,20,13,1.7,Not Returned,Not Returned
ORD100785,CUST10270,Home,4012.15,30,12,2.5,Returned,Defective
ORD100786,CUST10093,Home,646.36,5,6,4.6,Not Returned,Not Returned
ORD100787,CUST10153,Home,3023.37,40,7,4.2,Returned,Late Delivery
ORD100788,CUST10284,Electronics,2508.67,30,11,4.9,Not Returned,Not Returned
ORD100789,CUST10079,Electronics,3283.16,40,10,4.0,Not Returned,Not Returned
ORD100790,CUST10291,Fashion,511.3,20,10,2.6,Not Returned,Not Returned
ORD100791,CUST10083,Sports,2983.92,40,3,3.4,Not Returned,Not Returned
ORD100792,CUST10036,Sports,2895.13,0,7,3.6,Not Returned,Not Returned
ORD100793,CUST10231,Sports,2891.17,10,14,1.3,Not Returned,Not Returned
ORD100794,CUST10092,Books,3096.74,5,3,3.2,Not Returned,Not Returned
ORD100795,CUST10101,Books,3447.05,10,13,3.8,Not Returned,Not Returned
ORD100796,CUST10165,Fashion,4063.95,40,13,1.7,Returned,Changed Mind
ORD100797,CUST10158,Books,1495.14,20,2,4.1,Not Returned,Not Returned
ORD100798,CUST10013,Sports,4160.24,5,12,3.3,Not Returned,Not Returned
ORD100799,CUST10224,Sports,2591.63,40,14,4.8,Returned,Defective
ORD100800,CUST10072,Home,569.88,30,10,1.2,Not Returned,Not Returned
ORD100801,CUST10248,Books,481.04,15,4,2.1,Not Returned,Not Returned
ORD100802,CUST10090,Electronics,1804.34,40,12,3.4,Returned,Defective
ORD100803,CUST10215,Electronics,3967.51,10,8,2.2,Not Returned,Not Returned
ORD100804,CUST10089,Home,3596.87,5,13,3.9,Returned,Damaged
ORD100805,CUST10028,Home,3985.35,10,9,4.0,Not Returned,Not Returned
ORD100806,CUST10219,Home,2682.89,5,7,1.4,Returned,Damaged
ORD100807,CUST10214,Electronics,2312.96,40,1,3.1,Not Returned,Not Returned
ORD100808,CUST10220,Sports,907.77,0,3,3.0,Not Returned,Not Returned
ORD100809,CUST10041,Home,1775.33,30,13,2.5,Not Returned,Not Returned
ORD100810,CUST10134,Fashion,2283.29,40,12,4.7,Returned,Damaged
ORD100811,CUST10041,Home,625.28,10,14,4.3,Not Returned,Not Returned
ORD100812,CUST10163,Beauty,1258.94,15,9,3.8,Not Returned,Not Returned
ORD100813,CUST10282,Home,3071.48,15,12,3.9,Not Returned,Not Returned
ORD100814,CUST10057,Electronics,3731.18,20,1,2.8,Not Returned,Not Returned
ORD100815,CUST10024,Books,4992.07,5,9,4.7,Not Returned,Not Returned
ORD100816,CUST10072,Home,4678.94,10,8,3.8,Not Returned,Not Returned
ORD100817,CUST10128,Books,3284.31,20,1,3.9,Not Returned,Not Returned
ORD100818,CUST10086,Beauty,2221.99,10,6,4.4,Not Returned,Not Returned
ORD100819,CUST10152,Fashion,3253.65,5,5,2.1,Not Returned,Not Returned
ORD100820,CUST10181,Books,3971.13,40,6,4.2,Not Returned,Not Returned
ORD100821,CUST10124,Sports,768.01,40,10,1.8,Not Returned,Not Returned
ORD100822,CUST10066,Home,2167.54,15,12,2.4,Not Returned,Not Returned
ORD100823,CUST10005,Beauty,4231.05,40,13,2.3,Not Returned,Not Returned
ORD100824,CUST10124,Beauty,2042.4,40,13,4.9,Not Returned,Not Returned
ORD100825,CUST10052,Books,2944.99,0,13,4.4,Not Returned,Not Returned
ORD100826,CUST10065,Fashion,3021.29,15,5,3.8,Not Returned,Not Returned
ORD100827,CUST10081,Electronics,1085.49,20,6,3.9,Not Returned,Not Returned
ORD100828,CUST10086,Home,1938.73,30,5,3.2,Not Returned,Not Returned
ORD100829,CUST10001,Beauty,1805.65,0,11,4.8,Not Returned,Not Returned
ORD100830,CUST10203,Fashion,325.74,20,12,3.0,Not Returned,Not Returned
ORD100831,CUST10149,Sports,316.12,5,5,2.5,Not Returned,Not Returned
ORD100832,CUST10292,Beauty,4192.15,0,4,1.7,Not Returned,Not Returned
ORD100833,CUST10102,Fashion,1510.74,20,3,4.1,Not Returned,Not Returned
ORD100834,CUST10023,Electronics,2686.78,5,3,3.9,Not Returned,Not Returned
ORD100835,CUST10211,Electronics,1633.88,15,4,2.5,Not Returned,Not Returned
ORD100836,CUST10064,Beauty,4715.26,30,9,1.1,Not Returned,Not Returned
ORD100837,CUST10208,Beauty,1444.62,5,2,4.4,Not Returned,Not Returned
ORD100838,CUST10250,Books,2262.35,40,9,1.0,Not Returned,Not Returned
ORD100839,CUST10116,Home,4389.11,10,1,3.8,Not Returned,Not Returned
ORD100840,CUST10115,Fashion,4241.28,5,14,4.9,Not Returned,Not Returned
ORD100841,CUST10236,Beauty,1093.29,5,1,2.8,Not Returned,Not Returned
ORD100842,CUST10104,Home,4052.69,30,5,1.9,Not Returned,Not Returned
ORD100843,CUST10258,Books,2399.3,10,6,3.8,Not Returned,Not Returned
ORD100844,CUST10045,Home,2518.25,40,6,4.3,Not Returned,Not Returned
ORD100845,CUST10215,Beauty,840.7,20,3,3.2,Not Returned,Not Returned
ORD100846,CUST10023,Electronics,586.89,20,7,4.9,Not Returned,Not Returned
ORD100847,CUST10034,Fashion,3694.11,5,9,1.2,Not Returned,Not Returned
ORD100848,CUST10023,Fashion,2583.01,10,11,3.0,Not Returned,Not Returned
ORD100849,CUST10027,Electronics,2296.88,10,12,3.9,Returned,Wrong Size
ORD100850,CUST10015,Beauty,3701.64,40,10,4.5,Not Returned,Not Returned
ORD100851,CUST10058,Fashion,3874.46,30,8,1.7,Not Returned,Not Returned
ORD100852,CUST10242,Beauty,962.76,15,6,4.2,Not Returned,Not Returned
ORD100853,CUST10206,Books,3129.08,20,12,3.2,Not Returned,Not Returned
ORD100854,CUST10270,Beauty,849.7,30,8,2.6,Not Returned,Not Returned
ORD100855,CUST10248,Home,3806.6,0,12,1.5,Not Returned,Not Returned
ORD100856,CUST10266,Electronics,3353.38,20,5,4.5,Not Returned,Not Returned
ORD100857,CUST10192,Beauty,4791.75,30,8,1.6,Not Returned,Not Returned
ORD100858,CUST10217,Books,531.0,20,10,2.2,Not Returned,Not Returned
ORD100859,CUST10114,Sports,473.86,15,12,2.2,Not Returned,Not Returned
ORD100860,CUST10067,Electronics,1554.5,0,4,4.5,Not Returned,Not Returned
ORD100861,CUST10298,Fashion,1456.19,15,10,3.7,Not Returned,Not Returned
ORD100862,CUST10074,Home,1385.5,40,8,4.2,Returned,Defective
ORD100863,CUST10102,Fashion,4550.02,0,10,2.0,Returned,Wrong Size
ORD100864,CUST10296,Books,1397.82,5,12,3.5,Not Returned,Not Returned
ORD100865,CUST10177,Books,1505.36,30,2,3.3,Not Returned,Not Returned
ORD100866,CUST10214,Fashion,3845.11,0,12,4.3,Returned,Changed Mind
ORD100867,CUST10038,Electronics,2358.75,40,12,4.6,Not Returned,Not Returned
ORD100868,CUST10258,Fashion,3928.21,40,5,1.0,Returned,Late Delivery
ORD100869,CUST10203,Beauty,513.76,15,9,3.7,Returned,Defective
ORD100870,CUST10006,Fashion,2540.34,20,4,1.2,Not Returned,Not Returned
ORD100871,CUST10048,Home,361.35,0,11,3.2,Returned,Late Delivery
ORD100872,CUST10025,Home,500.74,30,6,2.2,Not Returned,Not Returned
ORD100873,CUST10160,Sports,4550.9,0,1,2.2,Not Returned,Not Returned
ORD100874,CUST10175,Home,868.38,10,9,2.4,Not Returned,Not Returned
ORD100875,CUST10078,Fashion,2755.62,20,1,3.5,Not Returned,Not Returned
ORD100876,CUST10001,Home,2173.26,30,5,2.3,Not Returned,Not Returned
ORD100877,CUST10131,Electronics,1867.25,30,4,3.9,Not Returned,Not Returned
ORD100878,CUST10275,Home,4519.2,5,13,2.6,Not Returned,Not Returned
ORD100879,CUST10116,Beauty,304.75,15,12,1.3,Not Returned,Not Returned
ORD100880,CUST10163,Electronics,3386.19,5,13,4.1,Not Returned,Not Returned
ORD100881,CUST10287,Sports,4824.29,30,13,2.1,Not Returned,Not Returned
ORD100882,CUST10027,Beauty,2888.81,20,14,2.7,Not Returned,Not Returned
ORD100883,CUST10000,Fashion,4696.75,0,3,3.7,Not Returned,Not Returned
ORD100884,CUST10187,Fashion,450.84,0,13,2.3,Not Returned,Not Returned
ORD100885,CUST10055,Fashion,2210.21,20,6,1.2,Returned,Damaged
ORD100886,CUST10034,Beauty,1448.76,30,2,2.5,Not Returned,Not Returned
ORD100887,CUST10111,Beauty,3707.94,40,3,4.8,Not Returned,Not Returned
ORD100888,CUST10285,Beauty,4910.23,0,5,3.6,Not Returned,Not Returned
ORD100889,CUST10035,Electronics,1431.34,40,9,3.7,Not Returned,Not Returned
ORD100890,CUST10216,Books,3340.04,0,2,3.5,Not Returned,Not Returned
ORD100891,CUST10079,Electronics,1150.87,0,10,1.8,Returned,Defective
ORD100892,CUST10082,Fashion,2913.59,15,8,2.7,Returned,Not as Described
ORD100893,CUST10064,Books,2426.88,15,14,4.0,Not Returned,Not Returned
ORD100894,CUST10127,Home,4865.63,10,2,1.4,Not Returned,Not Returned
ORD100895,CUST10021,Fashion,3120.93,5,11,2.1,Not Returned,Not Returned
ORD100896,CUST10215,Sports,1877.63,20,13,2.1,Not Returned,Not Returned
ORD100897,CUST10106,Electronics,747.66,20,5,2.7,Returned,Wrong Size
ORD100898,CUST10108,Beauty,925.98,20,7,4.9,Not Returned,Not Returned
ORD100899,CUST10180,Electronics,1281.52,10,8,1.3,Not Returned,Not Returned
ORD100900,CUST10163,Beauty,1404.64,15,1,3.1,Not Returned,Not Returned
ORD100901,CUST10067,Books,4282.96,30,6,1.7,Not Returned,Not Returned
ORD100902,CUST10291,Sports,2893.87,40,1,4.9,Not Returned,Not Returned
ORD100903,CUST10179,Books,2712.28,40,2,1.5,Not Returned,Not Returned
ORD100904,CUST10180,Sports,750.89,30,1,2.6,Not Returned,Not Returned
ORD100905,CUST10168,Electronics,4328.67,10,11,4.0,Not Returned,Not Returned
ORD100906,CUST10021,Beauty,3669.51,30,5,3.8,Not Returned,Not Returned
ORD100907,CUST10065,Books,524.81,20,10,2.7,Not Returned,Not Returned
ORD100908,CUST10020,Sports,3597.61,5,9,2.4,Not Returned,Not Returned
ORD100909,CUST10099,Fashion,2808.98,0,6,2.6,Not Returned,Not Returned
ORD100910,CUST10299,Fashion,592.28,40,11,2.1,Returned,Wrong Size
ORD100911,CUST10102,Books,2399.84,15,11,1.8,Not Returned,Not Returned
ORD100912,CUST10046,Beauty,2526.54,15,1,2.9,Not Returned,Not Returned
ORD100913,CUST10038,Books,995.72,10,13,2.1,Returned,Defective
ORD100914,CUST10284,Electronics,4739.35,15,1,2.1,Not Returned,Not Returned
ORD100915,CUST10089,Sports,4279.88,20,2,3.6,Not Returned,Not Returned
ORD100916,CUST10084,Electronics,3411.31,40,9,4.9,Returned,Damaged
ORD100917,CUST10272,Fashion,2419.02,30,3,3.4,Not Returned,Not Returned
ORD100918,CUST10187,Sports,2176.47,20,1,1.3,Not Returned,Not Returned
ORD100919,CUST10158,Books,3324.67,10,5,1.3,Not Returned,Not Returned
ORD100920,CUST10242,Electronics,2818.07,20,7,4.8,Not Returned,Not Returned
ORD100921,CUST10072,Home,498.91,30,6,2.2,Returned,Wrong Size
ORD100922,CUST10048,Beauty,2660.01,5,12,1.4,Not Returned,Not Returned
ORD100923,CUST10100,Beauty,4070.74,10,1,3.4,Not Returned,Not Returned
ORD100924,CUST10001,Home,2404.35,5,5,3.5,Not Returned,Not Returned
ORD100925,CUST10243,Fashion,449.39,0,5,3.6,Not Returned,Not Returned
ORD100926,CUST10175,Sports,3974.14,5,6,2.1,Not Returned,Not Returned
ORD100927,CUST10237,Beauty,1166.55,0,3,1.1,Not Returned,Not Returned
ORD100928,CUST10058,Home,1441.38,0,5,4.9,Not Returned,Not Returned
ORD100929,CUST10098,Books,990.59,5,7,2.0,Returned,Damaged
ORD100930,CUST10001,Home,1785.03,10,5,3.7,Not Returned,Not Returned
ORD100931,CUST10242,Fashion,3832.41,30,5,3.8,Returned,Changed Mind
ORD100932,CUST10296,Fashion,2693.05,20,5,3.4,Not Returned,Not Returned
ORD100933,CUST10210,Electronics,1183.43,20,10,2.3,Not Returned,Not Returned
ORD100934,CUST10122,Beauty,4413.58,30,10,2.1,Not Returned,Not Returned
ORD100935,CUST10228,Electronics,4421.99,40,3,3.4,Not Returned,Not Returned
ORD100936,CUST10081,Home,4378.78,40,1,4.5,Not Returned,Not Returned
ORD100937,CUST10143,Sports,1346.22,0,5,4.8,Not Returned,Not Returned
ORD100938,CUST10139,Sports,2365.95,0,14,1.4,Not Returned,Not Returned
ORD100939,CUST10028,Fashion,4927.95,10,9,1.6,Not Returned,Not Returned
ORD100940,CUST10269,Sports,3905.66,15,14,4.8,Not Returned,Not Returned
ORD100941,CUST10246,Sports,330.4,5,1,3.9,Not Returned,Not Returned
ORD100942,CUST10011,Sports,512.98,0,3,4.5,Not Returned,Not Returned
ORD100943,CUST10105,Home,2426.87,20,13,1.8,Not Returned,Not Returned
ORD100944,CUST10031,Sports,4564.26,10,13,3.4,Not Returned,Not Returned
ORD100945,CUST10073,Books,2785.77,5,4,3.8,Not Returned,Not Returned
ORD100946,CUST10170,Sports,2589.5,10,14,3.7,Returned,Late Delivery
ORD100947,CUST10068,Sports,706.27,5,1,2.6,Not Returned,Not Returned
ORD100948,CUST10136,Electronics,3352.54,5,1,1.1,Returned,Not as Described
ORD100949,CUST10099,Home,4146.1,30,8,3.3,Not Returned,Not Returned
ORD100950,CUST10145,Fashion,2026.02,0,2,2.0,Not Returned,Not Returned
ORD100951,CUST10008,Electronics,3922.94,10,12,2.8,Returned,Late Delivery
ORD100952,CUST10061,Beauty,4829.49,10,8,4.8,Not Returned,Not Returned
ORD100953,CUST10184,Home,1178.08,30,7,2.6,Returned,Late Delivery
ORD100954,CUST10028,Books,2711.98,20,10,4.4,Not Returned,Not Returned
ORD100955,CUST10113,Home,1578.26,20,10,1.8,Returned,Changed Mind
ORD100956,CUST10142,Beauty,4005.7,40,2,3.7,Not Returned,Not Returned
ORD100957,CUST10119,Beauty,2972.45,0,6,4.9,Not Returned,Not Returned
ORD100958,CUST10169,Beauty,3246.0,0,6,1.4,Not Returned,Not Returned
ORD100959,CUST10156,Fashion,4029.99,15,3,1.0,Not Returned,Not Returned
ORD100960,CUST10259,Sports,2100.66,30,11,2.7,Not Returned,Not Returned
ORD100961,CUST10081,Home,4592.43,20,2,1.4,Not Returned,Not Returned
ORD100962,CUST10241,Sports,2758.54,5,12,4.0,Not Returned,Not Returned
ORD100963,CUST10171,Sports,958.18,10,1,4.7,Not Returned,Not Returned
ORD100964,CUST10230,Books,3540.32,0,6,2.7,Not Returned,Not Returned
ORD100965,CUST10207,Beauty,4007.65,10,12,2.0,Not Returned,Not Returned
ORD100966,CUST10074,Fashion,1720.46,10,5,2.7,Not Returned,Not Returned
ORD100967,CUST10269,Books,4314.46,15,14,3.9,Not Returned,Not Returned
ORD100968,CUST10113,Electronics,4549.49,20,14,1.0,Not Returned,Not Returned
ORD100969,CUST10061,Fashion,1529.14,0,11,3.4,Not Returned,Not Returned
ORD100970,CUST10101,Sports,4920.9,10,9,3.5,Not Returned,Not Returned
ORD100971,CUST10209,Fashion,875.42,0,1,3.6,Not Returned,Not Returned
ORD100972,CUST10254,Beauty,1169.68,5,7,2.0,Not Returned,Not Returned
ORD100973,CUST10019,Electronics,1084.28,15,5,3.9,Not Returned,Not Returned
ORD100974,CUST10057,Beauty,4491.15,5,5,1.4,Returned,Wrong Size
ORD100975,CUST10111,Electronics,3340.6,0,14,1.8,Not Returned,Not Returned
ORD100976,CUST10195,Books,930.1,40,2,4.5,Returned,Not as Described
ORD100977,CUST10091,Sports,2313.55,0,11,4.0,Not Returned,Not Returned
ORD100978,CUST10051,Electronics,3153.43,20,3,1.1,Returned,Wrong Size
ORD100979,CUST10292,Electronics,600.63,10,7,2.0,Not Returned,Not Returned
ORD100980,CUST10007,Electronics,4435.6,10,6,1.9,Not Returned,Not Returned
ORD100981,CUST10299,Fashion,4057.3,5,12,2.1,Not Returned,Not Returned
ORD100982,CUST10097,Books,2624.99,15,2,2.0,Returned,Defective
ORD100983,CUST10235,Fashion,4842.21,40,6,1.3,Not Returned,Not Returned
ORD100984,CUST10068,Sports,2205.25,30,2,2.8,Not Returned,Not Returned
ORD100985,CUST10044,Electronics,4923.73,10,2,3.9,Not Returned,Not Returned
ORD100986,CUST10136,Books,3406.02,20,2,3.4,Not Returned,Not Returned
ORD100987,CUST10233,Books,3246.42,5,14,3.7,Not Returned,Not Returned
ORD100988,CUST10031,Home,996.58,5,11,1.3,Not Returned,Not Returned
ORD100989,CUST10288,Sports,4433.25,30,3,4.8,Returned,Late Delivery
ORD100990,CUST10125,Books,2251.95,20,2,4.4,Not Returned,Not Returned
ORD100991,CUST10066,Electronics,978.72,15,4,4.2,Not Returned,Not Returned
ORD100992,CUST10029,Electronics,260.52,20,9,4.3,Not Returned,Not Returned
ORD100993,CUST10113,Books,2886.83,15,6,4.7,Not Returned,Not Returned
ORD100994,CUST10203,Fashion,2731.52,20,1,3.2,Not Returned,Not Returned
ORD100995,CUST10028,Sports,3652.9,20,8,1.8,Not Returned,Not Returned
ORD100996,CUST10130,Electronics,4473.24,0,12,3.5,Not Returned,Not Returned
ORD100997,CUST10184,Books,581.15,5,14,4.0,Not Returned,Not Returned
ORD100998,CUST10252,Electronics,3711.18,20,7,4.0,Not Returned,Not Returned
ORD100999,CUST10285,Books,1099.58,30,10,3.1,Not Returned,Not Returned
